{
  "properties": {
    "connectionReferences": {
      "shared_microsoftforms": {
        "runtimeSource": "embedded",
        "connection": {
          "connectionReferenceLogicalName": "crec5_sharedmicrosoftforms_ab355"
        },
        "api": {
          "name": "shared_microsoftforms"
        }
      },
      "shared_commondataserviceforapps": {
        "runtimeSource": "embedded",
        "connection": {
          "connectionReferenceLogicalName": "crec5_sharedcommondataserviceforapps_152c3"
        },
        "api": {
          "name": "shared_commondataserviceforapps"
        }
      }
    },
    "definition": {
      "$schema": "https://schema.management.azure.com/providers/Microsoft.Logic/schemas/2016-06-01/workflowdefinition.json#",
      "contentVersion": "1.0.0.0",
      "parameters": {
        "$connections": {
          "defaultValue": {},
          "type": "Object"
        },
        "$authentication": {
          "defaultValue": {},
          "type": "SecureObject"
        }
      },
      "triggers": {
        "When_a_new_response_is_submitted": {
          "splitOn": "@triggerOutputs()?['body/value']",
          "metadata": {
            "operationMetadataId": "bf0616cc-42d3-4b06-8336-6b50a4e610b3"
          },
          "type": "OpenApiConnectionWebhook",
          "inputs": {
            "host": {
              "connectionName": "shared_microsoftforms",
              "operationId": "CreateFormWebhook",
              "apiId": "/providers/Microsoft.PowerApps/apis/shared_microsoftforms"
            },
            "parameters": {
              "form_id": "bk726ZRhLUO5aK8l8Sgy20cCr72dA_VNqoC96NC_XftUQ05QQU82SDZOOENUNU1JVFAyRUJVRkVGSS4u"
            },
            "authentication": "@parameters('$authentication')"
          }
        }
      },
      "actions": {
        "Get_response_details": {
          "runAfter": {},
          "metadata": {
            "operationMetadataId": "1bc17597-4baf-4739-b29f-11d9e2c7edcc"
          },
          "type": "OpenApiConnection",
          "inputs": {
            "host": {
              "connectionName": "shared_microsoftforms",
              "operationId": "GetFormResponseById",
              "apiId": "/providers/Microsoft.PowerApps/apis/shared_microsoftforms"
            },
            "parameters": {
              "form_id": "bk726ZRhLUO5aK8l8Sgy20cCr72dA_VNqoC96NC_XftUQ05QQU82SDZOOENUNU1JVFAyRUJVRkVGSS4u",
              "response_id": "@triggerOutputs()?['body/resourceData/responseId']"
            },
            "authentication": "@parameters('$authentication')"
          }
        },
        "arrSkills": {
          "runAfter": {
            "Initialize_variable_4": [
              "Succeeded"
            ]
          },
          "metadata": {
            "operationMetadataId": "73e17e55-2246-4407-9085-51a82220a7e1"
          },
          "type": "Compose",
          "inputs": "C#;Visual Studio;SQL Server"
        },
        "arrExp": {
          "runAfter": {
            "arrSkills": [
              "Succeeded"
            ]
          },
          "metadata": {
            "operationMetadataId": "6e879280-ec7b-4e6a-8b6e-4d44bc27ec66"
          },
          "type": "Compose",
          "inputs": "Expert;Intermediate;Beginner"
        },
        "formSkills": {
          "runAfter": {
            "arrExp": [
              "Succeeded"
            ]
          },
          "metadata": {
            "operationMetadataId": "d7ab6e2f-bae6-4adc-aa0f-8ab1eeb4a58f"
          },
          "type": "Compose",
          "inputs": "@outputs('Get_response_details')?['body/r00e0dec5fefc4514ba4f9b5176119224']"
        },
        "formExperience": {
          "runAfter": {
            "formSkills_Array": [
              "Succeeded"
            ]
          },
          "metadata": {
            "operationMetadataId": "5db1f343-174f-4af1-a97e-ed258eb1d3d8"
          },
          "type": "Compose",
          "inputs": "@outputs('Get_response_details')?['body/re7ca5b37c44f4fc99da15d490152da1b']"
        },
        "Initialize_variable": {
          "runAfter": {
            "Get_response_details": [
              "Succeeded"
            ]
          },
          "metadata": {
            "operationMetadataId": "71498b45-ec80-496b-93dc-406c0bfc6e78"
          },
          "type": "InitializeVariable",
          "inputs": {
            "variables": [
              {
                "name": "var_skills",
                "type": "string"
              }
            ]
          }
        },
        "Initialize_variable_2": {
          "runAfter": {
            "Initialize_variable": [
              "Succeeded"
            ]
          },
          "metadata": {
            "operationMetadataId": "917792d2-bbe7-4cc0-9b34-30588d83d03a"
          },
          "type": "InitializeVariable",
          "inputs": {
            "variables": [
              {
                "name": "var_Otherskills",
                "type": "string"
              }
            ]
          }
        },
        "Initialize_variable_3": {
          "runAfter": {
            "Initialize_variable_2": [
              "Succeeded"
            ]
          },
          "metadata": {
            "operationMetadataId": "27404af8-13d3-4238-a487-5f9ed068b340"
          },
          "type": "InitializeVariable",
          "inputs": {
            "variables": [
              {
                "name": "var_Exp",
                "type": "string"
              }
            ]
          }
        },
        "Initialize_variable_4": {
          "runAfter": {
            "Initialize_variable_3": [
              "Succeeded"
            ]
          },
          "metadata": {
            "operationMetadataId": "190267b5-4168-4ec8-825a-f3b12f8b8e85"
          },
          "type": "InitializeVariable",
          "inputs": {
            "variables": [
              {
                "name": "var_OtherExp",
                "type": "string"
              }
            ]
          }
        },
        "Apply_to_each": {
          "foreach": "@outputs('formSkills_Array')",
          "actions": {
            "current_Skill": {
              "runAfter": {},
              "metadata": {
                "operationMetadataId": "5e179c59-7e70-4078-bd51-0fd6995a0934"
              },
              "type": "Compose",
              "inputs": "@items('Apply_to_each')"
            },
            "Condition": {
              "actions": {
                "Append_to_string_variable": {
                  "runAfter": {},
                  "metadata": {
                    "operationMetadataId": "af083b59-b3fd-4111-9243-fb711812c049"
                  },
                  "type": "AppendToStringVariable",
                  "inputs": {
                    "name": "var_skills",
                    "value": "@{outputs('current_Skill')};"
                  }
                }
              },
              "runAfter": {
                "current_Skill": [
                  "Succeeded"
                ]
              },
              "else": {
                "actions": {
                  "Set_variable": {
                    "runAfter": {},
                    "metadata": {
                      "operationMetadataId": "2b0714d8-6a23-4178-ad9e-d85c3323f7b8"
                    },
                    "type": "SetVariable",
                    "inputs": {
                      "name": "var_Otherskills",
                      "value": "@{outputs('current_Skill')}"
                    }
                  }
                }
              },
              "expression": {
                "contains": [
                  "@outputs('arrSkills')",
                  "@outputs('current_Skill')"
                ]
              },
              "metadata": {
                "operationMetadataId": "124e9bd8-cc44-4347-a68e-406a35ba6154"
              },
              "type": "If"
            }
          },
          "runAfter": {
            "formExperience": [
              "Succeeded"
            ]
          },
          "metadata": {
            "operationMetadataId": "15691be7-9ec2-4c1e-955d-68bc92032680"
          },
          "type": "Foreach"
        },
        "Condition_2": {
          "actions": {
            "Append_to_string_variable_2": {
              "runAfter": {},
              "metadata": {
                "operationMetadataId": "3c96c907-b8c3-44d5-98c4-b0c6983fc297"
              },
              "type": "AppendToStringVariable",
              "inputs": {
                "name": "var_Exp",
                "value": "@{outputs('formExperience')};"
              }
            }
          },
          "runAfter": {
            "Apply_to_each": [
              "Succeeded"
            ]
          },
          "else": {
            "actions": {
              "Set_variable_2": {
                "runAfter": {},
                "metadata": {
                  "operationMetadataId": "7ad50f4d-55a3-4e0f-b8a5-75891fe8e045"
                },
                "type": "SetVariable",
                "inputs": {
                  "name": "var_OtherExp",
                  "value": "@{outputs('formExperience')}"
                }
              }
            }
          },
          "expression": {
            "contains": [
              "@outputs('arrExp')",
              "@outputs('formExperience')"
            ]
          },
          "metadata": {
            "operationMetadataId": "70041cda-3efe-4100-8d8c-d7118d6c59dd"
          },
          "type": "If"
        },
        "Add_a_new_row": {
          "runAfter": {
            "Condition_2": [
              "Succeeded"
            ]
          },
          "metadata": {
            "operationMetadataId": "e89e9626-cca2-4d14-8583-2b67fc76b9b6"
          },
          "type": "OpenApiConnection",
          "inputs": {
            "host": {
              "connectionName": "shared_commondataserviceforapps",
              "operationId": "CreateRecord",
              "apiId": "/providers/Microsoft.PowerApps/apis/shared_commondataserviceforapps"
            },
            "parameters": {
              "entityName": "crec5_appdetailses",
              "item/crec5_experience": "@variables('var_Exp')",
              "item/crec5_otherexperience": "@variables('var_OtherExp')",
              "item/crec5_otherskills": "@variables('var_Otherskills')",
              "item/crec5_skills": "@variables('var_skills')"
            },
            "authentication": "@parameters('$authentication')"
          }
        },
        "formSkills_Array": {
          "runAfter": {
            "formSkills": [
              "Succeeded"
            ]
          },
          "metadata": {
            "operationMetadataId": "d7ab6e2f-bae6-4adc-aa0f-8ab1eeb4a58f"
          },
          "type": "Compose",
          "inputs": "@json(outputs('formSkills'))"
        }
      },
      "outputs": {}
    },
    "templateName": ""
  },
  "schemaVersion": "1.0.0.0"
}