{"name":"efa25b08-3b5b-4454-86b8-3401fa812d66","id":"/providers/Microsoft.Flow/flows/efa25b08-3b5b-4454-86b8-3401fa812d66","type":"Microsoft.Flow/flows","properties":{"apiId":"/providers/Microsoft.PowerApps/apis/shared_logicflows","displayName":"When a row is added, modified or deleted -> Create a channel,Post m...","definition":{"metadata":{"workflowEntityId":null,"processAdvisorMetadata":null,"flowChargedByPaygo":null,"flowclientsuspensionreason":"BillingConsumption","flowclientsuspensionreasondetails":null,"flowclientsuspensiontime":"2024-11-15T17:14:46.5856736Z","creator":{"id":"bdaf0247-039d-4df5-aa80-bde8d0bf5dfb","type":"User","tenantId":"e9f64e6e-6194-432d-b968-af25f12832db"},"provisioningMethod":"FromDefinition","failureAlertSubscription":true,"clientLastModifiedTime":"2024-11-15T17:14:46.5856736Z","connectionKeySavedTimeKey":"2024-11-15T17:14:46.5856736Z"},"$schema":"https://schema.management.azure.com/providers/Microsoft.Logic/schemas/2016-06-01/workflowdefinition.json#","contentVersion":"1.0.0.0","parameters":{"$authentication":{"defaultValue":{},"type":"SecureObject"},"$connections":{"defaultValue":{},"type":"Object"}},"triggers":{"When_a_row_is_added,_modified_or_deleted":{"type":"OpenApiConnectionWebhook","inputs":{"parameters":{"subscriptionRequest/message":1,"subscriptionRequest/entityname":"cas_applicationdetails","subscriptionRequest/scope":4},"host":{"apiId":"/providers/Microsoft.PowerApps/apis/shared_commondataserviceforapps","connectionName":"shared_commondataserviceforapps","operationId":"SubscribeWebhookTrigger"},"authentication":"@parameters('$authentication')"}}},"actions":{"Create_a_channel":{"runAfter":{},"type":"OpenApiConnection","inputs":{"parameters":{"body/displayName":"Testteam_@{triggerOutputs()?['body/cas_applicantname']}","groupId":"d59bf9a6-c605-4af2-9dbf-51288da4b228"},"host":{"apiId":"/providers/Microsoft.PowerApps/apis/shared_teams","connectionName":"shared_teams","operationId":"CreateChannel"},"authentication":"@parameters('$authentication')"}},"Post_message_in_a_chat_or_channel":{"runAfter":{"Create_a_channel":["Succeeded"]},"type":"OpenApiConnection","inputs":{"parameters":{"poster":"Flow bot","location":"Channel","body/recipient/groupId":"d59bf9a6-c605-4af2-9dbf-51288da4b228","body/recipient/channelId":"@outputs('Create_a_channel')?['body/id']","body/messageBody":"<p class=\"editor-paragraph\">Application Submitted</p>"},"host":{"apiId":"/providers/Microsoft.PowerApps/apis/shared_teams","connectionName":"shared_teams","operationId":"PostMessageToConversation"},"authentication":"@parameters('$authentication')"}}},"outputs":{}},"connectionReferences":{"shared_commondataserviceforapps":{"connectionName":"shared-commondataser-62c85c86-e9ad-46ec-b9e1-aa96-1362b370","source":"Embedded","id":"/providers/Microsoft.PowerApps/apis/shared_commondataserviceforapps","tier":"NotSpecified"},"shared_teams":{"connectionName":"shared-teams-50d8c836-d97d-4502-aa08-9861-9c24326c","source":"Embedded","id":"/providers/Microsoft.PowerApps/apis/shared_teams","tier":"NotSpecified"}},"flowFailureAlertSubscribed":false,"isManaged":false}}